,awayDiff,awayOutcome,awayTeam,gameState,homeDiff,homeOutcome,homeTeam,sbId,score,sport,total,__id__,id,awayOdds,awaySpread,awaySpreadOdds,dateTime,homeOdds,homeSpread,homeSpreadOdds,over,overOdds,under,underOdds
0,-11.0,L,Golden State Warriors,Final,11.0,W,Atlanta Hawks,17793.0,121-110,NBA,231.0,ATLGS3252022,ATLGS3252022,125,2.5,100,2022-03-25T19:30:00,-125,-2.5,100,221.5,100,221.5,100
1,-3.0,L,Indiana Pacers,Final,3.0,W,Atlanta Hawks,17707.0,131-128,NBA,259.0,ATLIND3132022,ATLIND3132022,590,12.0,100,2022-03-13T19:00:00,-590,-12.0,100,237.0,100,237.0,100
2,-6.0,L,Los Angeles Clippers,Final,6.0,W,Atlanta Hawks,17687.0,112-106,NBA,218.0,ATLLAC3112022,ATLLAC3112022,250,7.5,100,2022-03-11T19:30:00,-250,-7.5,100,226.5,100,226.5,100
3,-15.0,L,Memphis Grizzlies,Final,15.0,W,Atlanta Hawks,17738.0,120-105,NBA,225.0,ATLMEM3182022,ATLMEM3182022,-185,-5.5,100,2022-03-18T19:30:00,185,5.5,100,237.5,100,237.5,100
4,5.0,W,New Orleans Pelicans,Final,-5.0,L,Atlanta Hawks,17755.0,112-117,NBA,229.0,ATLNO3202022,ATLNO3202022,145,3.5,100,2022-03-20T18:00:00,-145,-3.5,100,233.0,100,233.0,100
5,-9.0,L,Portland Trail Blazers,Final,9.0,W,Atlanta Hawks,17712.0,122-113,NBA,235.0,ATLPOR3142022,ATLPOR3142022,685,13.5,100,2022-03-14T19:30:00,-685,-13.5,100,229.5,100,229.5,100
6,9.0,W,Charlotte Hornets,Final,-9.0,L,Brooklyn Nets,17812.0,110-119,NBA,229.0,BKNCHA3272022,BKNCHA3272022,215,6.5,100,2022-03-27T19:30:00,-215,-6.5,100,239.0,100,239.0,100
7,2.0,W,Dallas Mavericks,Final,-2.0,L,Brooklyn Nets,17727.0,111-113,NBA,224.0,BKNDAL3162022,BKNDAL3162022,-135,-3.0,100,2022-03-16T19:30:00,135,3.0,100,221.5,100,221.5,100
8,-7.0,L,Detroit Pistons,Final,7.0,W,Brooklyn Nets,17825.0,130-123,NBA,253.0,BKNDET3292022,BKNDET3292022,705,13.5,100,2022-03-29T19:30:00,-705,-13.5,100,234.0,100,234.0,100
9,-3.0,L,New York Knicks,Final,3.0,W,Brooklyn Nets,17703.0,110-107,NBA,217.0,BKNNY3132022,BKNNY3132022,195,5.5,100,2022-03-13T13:00:00,-195,-5.5,100,225.5,100,225.5,100
10,-5.0,L,Portland Trail Blazers,Final,5.0,W,Brooklyn Nets,17740.0,128-123,NBA,251.0,BKNPOR3182022,BKNPOR3182022,905,14.5,100,2022-03-18T19:30:00,-905,-14.5,100,227.5,100,227.5,100
11,-8.0,L,Utah Jazz,Final,8.0,W,Brooklyn Nets,17766.0,114-106,NBA,220.0,BKNUTA3212022,BKNUTA3212022,-110,-1.5,100,2022-03-21T19:30:00,110,1.5,100,229.5,100,229.5,100
12,3.0,W,Dallas Mavericks,Final,-3.0,L,Boston Celtics,17705.0,92-95,NBA,187.0,BOSDAL3132022,BOSDAL3132022,240,7.0,100,2022-03-13T15:30:00,-240,-7.0,100,213.5,100,213.5,100
13,-11.0,L,Detroit Pistons,Final,11.0,W,Boston Celtics,17688.0,114-103,NBA,217.0,BOSDET3112022,BOSDET3112022,780,14.5,100,2022-03-11T19:30:00,-780,-14.5,100,215.5,100,215.5,100
14,-22.0,L,Minnesota Timberwolves,Final,22.0,W,Boston Celtics,17807.0,134-112,NBA,246.0,BOSMIN3272022,BOSMIN3272022,210,6.0,100,2022-03-27T18:00:00,-210,-6.0,100,229.5,100,229.5,100
15,-28.0,L,Utah Jazz,Final,28.0,W,Boston Celtics,17778.0,125-97,NBA,222.0,BOSUTA3232022,BOSUTA3232022,175,5.0,100,2022-03-23T19:30:00,-175,-5.0,100,215.5,100,215.5,100
16,-10.0,L,Atlanta Hawks,Final,10.0,W,Charlotte Hornets,17726.0,116-106,NBA,222.0,CHAATL3162022,CHAATL3162022,-105,-1.0,100,2022-03-16T19:00:00,105,1.0,100,240.0,100,240.0,100
17,14.0,W,Boston Celtics,Final,-14.0,L,Charlotte Hornets,17673.0,101-115,NBA,216.0,CHABOS392022,CHABOS392022,-270,-7.5,100,2022-03-09T19:00:00,270,7.5,100,225.0,100,225.0,100
18,-21.0,L,Dallas Mavericks,Final,21.0,W,Charlotte Hornets,17750.0,129-108,NBA,237.0,CHADAL3192022,CHADAL3192022,110,1.5,100,2022-03-19T19:00:00,-110,-1.5,100,223.0,100,223.0,100
19,4.0,W,Denver Nuggets,Final,-4.0,L,Charlotte Hornets,17815.0,109-113,NBA,222.0,CHADEN3282022,CHADEN3282022,-145,-3.5,100,2022-03-28T19:00:00,145,3.5,100,233.5,100,233.5,100
20,-3.0,L,New Orleans Pelicans,Final,3.0,W,Charlotte Hornets,17765.0,106-103,NBA,209.0,CHANO3212022,CHANO3212022,210,6.0,100,2022-03-21T19:00:00,-210,-6.0,100,235.0,100,235.0,100
21,15.0,W,New York Knicks,Final,-15.0,L,Charlotte Hornets,17777.0,106-121,NBA,227.0,CHANY3232022,CHANY3232022,290,8.0,100,2022-03-23T19:00:00,-290,-8.0,100,224.0,100,224.0,100
22,-6.0,L,Utah Jazz,Final,6.0,W,Charlotte Hornets,17792.0,107-101,NBA,208.0,CHAUTA3252022,CHAUTA3252022,-150,-4.0,100,2022-03-25T19:00:00,150,4.0,100,227.0,100,227.0,100
23,-10.0,L,Cleveland Cavaliers,Final,10.0,W,Chicago Bulls,17696.0,101-91,NBA,192.0,CHICLE3122022,CHICLE3122022,185,5.0,100,2022-03-12T20:00:00,-185,-5.0,100,220.0,100,220.0,100
24,-14.0,L,Toronto Raptors,Final,14.0,W,Chicago Bulls,17767.0,113-99,NBA,212.0,CHITOR3212022,CHITOR3212022,155,4.0,100,2022-03-21T20:00:00,-155,-4.0,100,220.0,100,220.0,100
25,4.0,W,Chicago Bulls,Final,-4.0,L,Cleveland Cavaliers,17801.0,94-98,NBA,192.0,CLECHI3262022,CLECHI3262022,120,2.0,100,2022-03-26T20:00:00,-120,-2.0,100,223.5,100,223.5,100
26,-3.0,L,Denver Nuggets,F/OT,3.0,W,Cleveland Cavaliers,17739.0,119-116,NBA,235.0,CLEDEN3182022,CLEDEN3182022,-125,-2.5,100,2022-03-18T19:30:00,125,2.5,100,225.5,100,225.5,100
27,-4.0,L,Detroit Pistons,Final,4.0,W,Cleveland Cavaliers,17751.0,113-109,NBA,222.0,CLEDET3192022,CLEDET3192022,200,5.5,100,2022-03-19T20:00:00,-200,-5.5,100,216.5,100,216.5,100
28,-9.0,L,Los Angeles Clippers,F/OT,9.0,W,Cleveland Cavaliers,17711.0,120-111,NBA,231.0,CLELAC3142022,CLELAC3142022,250,7.5,100,2022-03-14T19:00:00,-250,-7.5,100,212.0,100,212.0,100
29,11.0,W,Los Angeles Lakers,Final,-11.0,L,Cleveland Cavaliers,17762.0,120-131,NBA,251.0,CLELAL3212022,CLELAL3212022,180,5.0,100,2022-03-21T19:00:00,-180,-5.0,100,227.0,100,227.0,100
30,-6.0,L,Orlando Magic,Final,6.0,W,Cleveland Cavaliers,17813.0,107-101,NBA,208.0,CLEORL3282022,CLEORL3282022,355,9.0,100,2022-03-28T19:00:00,-355,-9.0,100,217.5,100,217.5,100
31,4.0,W,Philadelphia 76ers,Final,-4.0,L,Cleveland Cavaliers,17725.0,114-118,NBA,232.0,CLEPHI3162022,CLEPHI3162022,-130,-3.0,100,2022-03-16T19:00:00,130,3.0,100,219.5,100,219.5,100
32,-19.0,L,Houston Rockets,Final,19.0,W,Dallas Mavericks,17783.0,110-91,NBA,201.0,DALHOU3232022,DALHOU3232022,435,10.5,100,2022-03-23T20:30:00,-435,-10.5,100,219.5,100,219.5,100
33,-18.0,L,Los Angeles Lakers,Final,18.0,W,Dallas Mavericks,17824.0,128-110,NBA,238.0,DALLAL3292022,DALLAL3292022,535,12.0,100,2022-03-29T19:30:00,-535,-12.0,100,219.5,100,219.5,100
34,-2.0,L,Minnesota Timberwolves,Final,2.0,W,Dallas Mavericks,17770.0,110-108,NBA,218.0,DALMIN3212022,DALMIN3212022,120,2.5,100,2022-03-21T20:30:00,-120,-2.5,100,230.0,100,230.0,100
35,30.0,W,New York Knicks,Final,-30.0,L,Dallas Mavericks,17679.0,77-107,NBA,184.0,DALNY392022,DALNY392022,330,8.5,100,2022-03-09T20:30:00,-330,-8.5,100,216.5,100,216.5,100
36,-14.0,L,Utah Jazz,Final,14.0,W,Dallas Mavericks,17811.0,114-100,NBA,214.0,DALUTA3272022,DALUTA3272022,-110,-1.5,100,2022-03-27T19:30:00,110,1.5,100,214.0,100,214.0,100
37,20.0,W,Boston Celtics,Final,-20.0,L,Denver Nuggets,17759.0,104-124,NBA,228.0,DENBOS3202022,DENBOS3202022,-125,-2.5,100,2022-03-20T20:00:00,125,2.5,100,221.5,100,221.5,100
38,11.0,W,Golden State Warriors,Final,-11.0,L,Denver Nuggets,17685.0,102-113,NBA,215.0,DENGS3102022,DENGS3102022,-120,-2.0,100,2022-03-10T22:00:00,120,2.0,100,229.0,100,229.0,100
39,-12.0,L,Los Angeles Clippers,Final,12.0,W,Denver Nuggets,17774.0,127-115,NBA,242.0,DENLAC3222022,DENLAC3222022,225,6.5,100,2022-03-22T22:00:00,-225,-6.5,100,222.5,100,222.5,100
40,-6.0,L,Oklahoma City Thunder,Final,6.0,W,Denver Nuggets,17804.0,113-107,NBA,220.0,DENOKC3262022,DENOKC3262022,805,15.0,100,2022-03-26T21:00:00,-805,-15.0,100,230.5,100,230.5,100
41,10.0,W,Phoenix Suns,Final,-10.0,L,Denver Nuggets,17790.0,130-140,NBA,270.0,DENPHO3242022,DENPHO3242022,105,1.0,100,2022-03-24T21:00:00,-105,-1.0,100,233.5,100,233.5,100
42,12.0,W,Toronto Raptors,Final,-12.0,L,Denver Nuggets,17700.0,115-127,NBA,242.0,DENTOR3122022,DENTOR3122022,230,6.5,100,2022-03-12T21:00:00,-230,-6.5,100,223.5,100,223.5,100
43,-21.0,L,Atlanta Hawks,Final,21.0,W,Detroit Pistons,17775.0,122-101,NBA,223.0,DETATL3232022,DETATL3232022,-170,-4.5,100,2022-03-23T19:00:00,170,4.5,100,227.0,100,227.0,100
44,6.0,W,Chicago Bulls,Final,-6.0,L,Detroit Pistons,17672.0,108-114,NBA,222.0,DETCHI392022,DETCHI392022,-205,-5.5,100,2022-03-09T19:00:00,205,5.5,100,228.0,100,228.0,100
45,4.0,W,Los Angeles Clippers,Final,-4.0,L,Detroit Pistons,17704.0,102-106,NBA,208.0,DETLAC3132022,DETLAC3132022,-185,-5.0,100,2022-03-13T15:00:00,185,5.0,100,218.0,100,218.0,100
46,2.0,W,New York Knicks,Final,-2.0,L,Detroit Pistons,17806.0,102-104,NBA,206.0,DETNY3272022,DETNY3272022,-175,-5.0,100,2022-03-27T15:30:00,175,5.0,100,217.5,100,217.5,100
47,4.0,W,Portland Trail Blazers,Final,-4.0,L,Detroit Pistons,17763.0,115-119,NBA,234.0,DETPOR3212022,DETPOR3212022,340,9.0,100,2022-03-21T19:00:00,-340,-9.0,100,222.0,100,222.0,100
48,3.0,W,Washington Wizards,Final,-3.0,L,Detroit Pistons,17791.0,97-100,NBA,197.0,DETWAS3252022,DETWAS3252022,155,4.0,100,2022-03-25T19:00:00,-155,-4.0,100,223.5,100,223.5,100
49,22.0,W,Boston Celtics,Final,-22.0,L,Golden State Warriors,17733.0,88-110,NBA,198.0,GSBOS3162022,GSBOS3162022,120,2.0,100,2022-03-16T22:00:00,-120,-2.0,100,219.5,100,219.5,100
50,-13.0,L,Milwaukee Bucks,Final,13.0,W,Golden State Warriors,17699.0,122-109,NBA,231.0,GSMIL3122022,GSMIL3122022,-115,-2.0,100,2022-03-12T20:30:00,115,2.0,100,238.5,100,238.5,100
51,2.0,W,San Antonio Spurs,Final,-2.0,L,Golden State Warriors,17760.0,108-110,NBA,218.0,GSSA3202022,GSSA3202022,225,6.5,100,2022-03-20T20:30:00,-225,-6.5,100,226.0,100,226.0,100
52,-14.0,L,Washington Wizards,Final,14.0,W,Golden State Warriors,17716.0,126-112,NBA,238.0,GSWAS3142022,GSWAS3142022,570,11.5,100,2022-03-14T22:00:00,-570,-11.5,100,225.5,100,225.5,100
53,13.0,W,Dallas Mavericks,Final,-13.0,L,Houston Rockets,17690.0,100-113,NBA,213.0,HOUDAL3112022,HOUDAL3112022,-465,-11.0,100,2022-03-11T20:00:00,465,11.0,100,225.5,100,225.5,100
54,3.0,W,Indiana Pacers,Final,-3.0,L,Houston Rockets,17743.0,118-121,NBA,239.0,HOUIND3182022,HOUIND3182022,-155,-4.0,100,2022-03-18T20:00:00,155,4.0,100,243.5,100,243.5,100
55,-9.0,L,Los Angeles Lakers,F/OT,9.0,W,Houston Rockets,17677.0,139-130,NBA,269.0,HOULAL392022,HOULAL392022,-205,-5.5,100,2022-03-09T20:00:00,205,5.5,100,234.0,100,234.0,100
56,24.0,W,Memphis Grizzlies,Final,-24.0,L,Houston Rockets,17753.0,98-122,NBA,220.0,HOUMEM3202022,HOUMEM3202022,-535,-12.5,100,2022-03-20T15:30:00,535,12.5,100,236.5,100,236.5,100
57,17.0,W,Phoenix Suns,Final,-17.0,L,Houston Rockets,17729.0,112-129,NBA,241.0,HOUPHO3162022,HOUPHO3162022,-495,-11.0,100,2022-03-16T20:00:00,495,11.0,100,235.5,100,235.5,100
58,3.0,W,San Antonio Spurs,Final,-3.0,L,Houston Rockets,17819.0,120-123,NBA,243.0,HOUSA3282022,HOUSA3282022,-330,-9.0,100,2022-03-28T20:00:00,330,9.0,100,233.0,100,233.0,100
59,-18.0,L,Washington Wizards,Final,18.0,W,Houston Rockets,17768.0,115-97,NBA,212.0,HOUWAS3212022,HOUWAS3212022,-180,-5.0,100,2022-03-21T20:00:00,180,5.0,100,234.0,100,234.0,100
60,9.0,W,Atlanta Hawks,Final,-9.0,L,Indiana Pacers,17814.0,123-132,NBA,255.0,INDATL3282022,INDATL3282022,-290,-8.0,100,2022-03-28T19:00:00,290,8.0,100,236.5,100,236.5,100
61,33.0,W,Memphis Grizzlies,Final,-33.0,L,Indiana Pacers,17720.0,102-135,NBA,237.0,INDMEM3152022,INDMEM3152022,-260,-7.5,100,2022-03-15T19:00:00,260,7.5,100,235.5,100,235.5,100
62,-31.0,L,Portland Trail Blazers,Final,31.0,W,Indiana Pacers,17754.0,129-98,NBA,227.0,INDPOR3202022,INDPOR3202022,245,7.0,100,2022-03-20T15:30:00,-245,-7.0,100,235.5,100,235.5,100
63,1.0,W,Sacramento Kings,Final,-1.0,L,Indiana Pacers,17776.0,109-110,NBA,219.0,INDSAC3232022,INDSAC3232022,175,5.0,100,2022-03-23T19:00:00,-175,-5.0,100,234.0,100,234.0,100
64,25.0,W,Philadelphia 76ers,Final,-25.0,L,Los Angeles Clippers,17797.0,97-122,NBA,219.0,LACPHI3252022,LACPHI3252022,-180,-5.0,100,2022-03-25T22:30:00,180,5.0,100,218.0,100,218.0,100
65,3.0,W,Toronto Raptors,Final,-3.0,L,Los Angeles Clippers,17735.0,100-103,NBA,203.0,LACTOR3162022,LACTOR3162022,105,1.0,100,2022-03-16T22:30:00,-105,-1.0,100,214.5,100,214.5,100
66,-6.0,L,Utah Jazz,Final,6.0,W,Los Angeles Clippers,17826.0,121-115,NBA,236.0,LACUTA3292022,LACUTA3292022,-110,-1.5,100,2022-03-29T22:00:00,110,1.5,100,217.5,100,217.5,100
67,-6.0,L,Washington Wizards,Final,6.0,W,Los Angeles Clippers,17683.0,115-109,NBA,224.0,LACWAS392022,LACWAS392022,155,4.0,100,2022-03-09T22:30:00,-155,-4.0,100,217.0,100,217.0,100
68,5.0,W,Philadelphia 76ers,Final,-5.0,L,Los Angeles Lakers,17784.0,121-126,NBA,247.0,LALPHI3232022,LALPHI3232022,-365,-9.5,100,2022-03-23T22:00:00,365,9.5,100,228.0,100,228.0,100
69,11.0,W,Toronto Raptors,Final,-11.0,L,Los Angeles Lakers,17718.0,103-114,NBA,217.0,LALTOR3142022,LALTOR3142022,-175,-5.0,100,2022-03-14T22:30:00,175,5.0,100,225.0,100,225.0,100
70,-13.0,L,Washington Wizards,Final,13.0,W,Los Angeles Lakers,17695.0,122-109,NBA,231.0,LALWAS3112022,LALWAS3112022,160,4.0,100,2022-03-11T22:30:00,-160,-4.0,100,229.0,100,229.0,100
71,-12.0,L,Brooklyn Nets,Final,12.0,W,Memphis Grizzlies,17780.0,132-120,NBA,252.0,MEMBKN3232022,MEMBKN3232022,-105,-1.0,100,2022-03-23T19:30:00,105,1.0,100,238.0,100,238.0,100
72,-28.0,L,Golden State Warriors,Final,28.0,W,Memphis Grizzlies,17820.0,123-95,NBA,218.0,MEMGS3282022,MEMGS3282022,485,11.0,100,2022-03-28T20:00:00,-485,-11.0,100,221.0,100,221.0,100
73,-30.0,L,Indiana Pacers,Final,30.0,W,Memphis Grizzlies,17789.0,133-103,NBA,236.0,MEMIND3242022,MEMIND3242022,535,11.5,100,2022-03-24T20:00:00,-535,-11.5,100,235.0,100,235.0,100
74,-25.0,L,Milwaukee Bucks,Final,25.0,W,Memphis Grizzlies,17803.0,127-102,NBA,229.0,MEMMIL3262022,MEMMIL3262022,115,2.0,100,2022-03-26T20:00:00,-115,-2.0,100,232.5,100,232.5,100
75,-4.0,L,New York Knicks,Final,4.0,W,Memphis Grizzlies,17692.0,118-114,NBA,232.0,MEMNY3112022,MEMNY3112022,350,9.5,100,2022-03-11T20:00:00,-350,-9.5,100,229.0,100,229.0,100
76,15.0,W,Brooklyn Nets,Final,-15.0,L,Miami Heat,17802.0,95-110,NBA,205.0,MIABKN3262022,MIABKN3262022,-155,-4.0,100,2022-03-26T20:00:00,155,4.0,100,230.0,100,230.0,100
77,-12.0,L,Cleveland Cavaliers,Final,12.0,W,Miami Heat,17691.0,117-105,NBA,222.0,MIACLE3112022,MIACLE3112022,255,7.5,100,2022-03-11T20:00:00,-255,-7.5,100,211.0,100,211.0,100
78,-7.0,L,Detroit Pistons,Final,7.0,W,Miami Heat,17722.0,105-98,NBA,203.0,MIADET3152022,MIADET3152022,655,13.0,100,2022-03-15T19:30:00,-655,-13.0,100,214.5,100,214.5,100
79,14.0,W,Golden State Warriors,Final,-14.0,L,Miami Heat,17779.0,104-118,NBA,222.0,MIAGS3232022,MIAGS3232022,395,10.0,100,2022-03-23T19:30:00,-395,-10.0,100,209.5,100,209.5,100
80,9.0,W,Minnesota Timberwolves,Final,-9.0,L,Miami Heat,17697.0,104-113,NBA,217.0,MIAMIN3122022,MIAMIN3122022,145,3.5,100,2022-03-12T20:00:00,-145,-3.5,100,229.5,100,229.5,100
81,8.0,W,New York Knicks,Final,-8.0,L,Miami Heat,17794.0,103-111,NBA,214.0,MIANY3252022,MIANY3252022,280,8.0,100,2022-03-25T20:00:00,-280,-8.0,100,215.0,100,215.0,100
82,-12.0,L,Oklahoma City Thunder,Final,12.0,W,Miami Heat,17744.0,120-108,NBA,228.0,MIAOKC3182022,MIAOKC3182022,1140,16.0,100,2022-03-18T20:00:00,-1140,-16.0,100,217.5,100,217.5,100
83,21.0,W,Phoenix Suns,Final,-21.0,L,Miami Heat,17674.0,90-111,NBA,201.0,MIAPHO392022,MIAPHO392022,170,4.5,100,2022-03-09T19:30:00,-170,-4.5,100,220.0,100,220.0,100
84,-23.0,L,Sacramento Kings,Final,23.0,W,Miami Heat,17816.0,123-100,NBA,223.0,MIASAC3282022,MIASAC3282022,625,12.5,100,2022-03-28T19:30:00,-625,-12.5,100,216.5,100,216.5,100
85,-9.0,L,Atlanta Hawks,Final,9.0,W,Milwaukee Bucks,17675.0,124-115,NBA,239.0,MILATL392022,MILATL392022,170,4.5,100,2022-03-09T20:00:00,-170,-4.5,100,239.5,100,239.5,100
86,-28.0,L,Chicago Bulls,Final,28.0,W,Milwaukee Bucks,17773.0,126-98,NBA,224.0,MILCHI3222022,MILCHI3222022,280,8.0,100,2022-03-22T20:00:00,-280,-8.0,100,233.0,100,233.0,100
87,-12.0,L,Washington Wizards,Final,12.0,W,Milwaukee Bucks,17788.0,114-102,NBA,216.0,MILWAS3242022,MILWAS3242022,350,9.0,100,2022-03-24T20:00:00,-350,-9.0,100,228.5,100,228.5,100
88,-21.0,L,Dallas Mavericks,Final,21.0,W,Minnesota Timberwolves,17795.0,116-95,NBA,211.0,MINDAL3252022,MINDAL3252022,145,3.5,100,2022-03-25T20:00:00,-145,-3.5,100,228.0,100,228.0,100
89,-20.0,L,Los Angeles Lakers,Final,20.0,W,Minnesota Timberwolves,17730.0,124-104,NBA,228.0,MINLAL3162022,MINLAL3162022,365,9.5,100,2022-03-16T20:00:00,-365,-9.5,100,242.0,100,242.0,100
90,-19.0,L,Milwaukee Bucks,Final,19.0,W,Minnesota Timberwolves,17749.0,138-119,NBA,257.0,MINMIL3192022,MINMIL3192022,115,2.0,100,2022-03-19T17:00:00,-115,-2.0,100,240.0,100,240.0,100
91,-30.0,L,Oklahoma City Thunder,Final,30.0,W,Minnesota Timberwolves,17678.0,132-102,NBA,234.0,MINOKC392022,MINOKC392022,825,15.0,100,2022-03-09T20:00:00,-825,-15.0,100,234.0,100,234.0,100
92,9.0,W,Phoenix Suns,Final,-9.0,L,Minnesota Timberwolves,17781.0,116-125,NBA,241.0,MINPHO3232022,MINPHO3232022,-105,-1.0,100,2022-03-23T20:00:00,105,1.0,100,238.5,100,238.5,100
93,22.0,W,Charlotte Hornets,Final,-22.0,L,New Orleans Pelicans,17689.0,120-142,NBA,262.0,NOCHA3112022,NOCHA3112022,-130,-2.5,100,2022-03-11T20:00:00,130,2.5,100,225.5,100,225.5,100
94,-17.0,L,Chicago Bulls,Final,17.0,W,New Orleans Pelicans,17787.0,126-109,NBA,235.0,NOCHI3242022,NOCHI3242022,135,3.0,100,2022-03-24T20:00:00,-135,-3.0,100,224.0,100,224.0,100
95,-25.0,L,Houston Rockets,Final,25.0,W,New Orleans Pelicans,17708.0,130-105,NBA,235.0,NOHOU3132022,NOHOU3132022,230,7.0,100,2022-03-13T19:00:00,-230,-7.0,100,231.5,100,231.5,100
96,-8.0,L,Los Angeles Lakers,Final,8.0,W,New Orleans Pelicans,17810.0,116-108,NBA,224.0,NOLAL3272022,NOLAL3272022,125,2.5,100,2022-03-27T19:00:00,-125,-2.5,100,230.5,100,230.5,100
97,6.0,W,Orlando Magic,Final,-6.0,L,New Orleans Pelicans,17676.0,102-108,NBA,210.0,NOORL392022,NOORL392022,300,8.0,100,2022-03-09T20:00:00,-300,-8.0,100,222.0,100,222.0,100
98,16.0,W,Phoenix Suns,Final,-16.0,L,New Orleans Pelicans,17723.0,115-131,NBA,246.0,NOPHO3152022,NOPHO3152022,-165,-4.5,100,2022-03-15T20:00:00,165,4.5,100,231.0,100,231.0,100
99,4.0,W,San Antonio Spurs,Final,-4.0,L,New Orleans Pelicans,17798.0,103-107,NBA,210.0,NOSA3262022,NOSA3262022,215,6.0,100,2022-03-26T17:00:00,-215,-6.0,100,231.0,100,231.0,100
100,6.0,W,Atlanta Hawks,Final,-6.0,L,New York Knicks,17772.0,111-117,NBA,228.0,NYATL3222022,NYATL3222022,-140,-3.0,100,2022-03-22T19:30:00,140,3.0,100,226.5,100,226.5,100
101,-5.0,L,Chicago Bulls,Final,5.0,W,New York Knicks,17817.0,109-104,NBA,213.0,NYCHI3282022,NYCHI3282022,-145,-3.5,100,2022-03-28T19:30:00,145,3.5,100,220.0,100,220.0,100
102,-30.0,L,Portland Trail Blazers,Final,30.0,W,New York Knicks,17728.0,128-98,NBA,226.0,NYPOR3162022,NYPOR3162022,590,12.5,100,2022-03-16T19:30:00,-590,-12.5,100,222.5,100,222.5,100
103,15.0,W,Utah Jazz,Final,-15.0,L,New York Knicks,17758.0,93-108,NBA,201.0,NYUTA3202022,NYUTA3202022,-145,-3.5,100,2022-03-20T19:30:00,145,3.5,100,223.5,100,223.5,100
104,-3.0,L,Washington Wizards,Final,3.0,W,New York Knicks,17741.0,100-97,NBA,197.0,NYWAS3182022,NYWAS3182022,215,6.0,100,2022-03-18T19:30:00,-215,-6.0,100,226.0,100,226.0,100
105,9.0,W,Boston Celtics,Final,-9.0,L,Oklahoma City Thunder,17769.0,123-132,NBA,255.0,OKCBOS3212022,OKCBOS3212022,-765,-14.0,100,2022-03-21T20:00:00,765,14.0,100,215.5,100,215.5,100
106,18.0,W,Charlotte Hornets,Final,-18.0,L,Oklahoma City Thunder,17714.0,116-134,NBA,250.0,OKCCHA3142022,OKCCHA3142022,-480,-11.5,100,2022-03-14T20:00:00,480,11.5,100,230.5,100,230.5,100
107,7.0,W,Memphis Grizzlies,Final,-7.0,L,Oklahoma City Thunder,17709.0,118-125,NBA,243.0,OKCMEM3132022,OKCMEM3132022,-690,-13.5,100,2022-03-13T19:00:00,690,13.5,100,228.5,100,228.5,100
108,-16.0,L,Orlando Magic,Final,16.0,W,Oklahoma City Thunder,17782.0,118-102,NBA,220.0,OKCORL3232022,OKCORL3232022,-115,-2.0,100,2022-03-23T20:00:00,115,2.0,100,221.5,100,221.5,100
109,42.0,W,Brooklyn Nets,Final,-42.0,L,Orlando Magic,17721.0,108-150,NBA,258.0,ORLBKN3152022,ORLBKN3152022,-420,-10.0,100,2022-03-15T19:00:00,420,10.0,100,232.5,100,232.5,100
110,14.0,W,Detroit Pistons,Final,-14.0,L,Orlando Magic,17736.0,120-134,NBA,254.0,ORLDET3172022,ORLDET3172022,120,2.0,100,2022-03-17T19:00:00,-120,-2.0,100,219.0,100,219.0,100
111,-4.0,L,Golden State Warriors,Final,4.0,W,Orlando Magic,17771.0,94-90,NBA,184.0,ORLGS3222022,ORLGS3222022,-265,-7.5,100,2022-03-22T19:00:00,265,7.5,100,215.0,100,215.0,100
112,-8.0,L,Minnesota Timberwolves,Final,8.0,W,Orlando Magic,17686.0,118-110,NBA,228.0,ORLMIN3112022,ORLMIN3112022,-275,-7.5,100,2022-03-11T19:00:00,275,7.5,100,233.0,100,233.0,100
113,-5.0,L,Oklahoma City Thunder,Final,5.0,W,Orlando Magic,17756.0,90-85,NBA,175.0,ORLOKC3202022,ORLOKC3202022,220,6.5,100,2022-03-20T18:00:00,-220,-6.5,100,225.0,100,225.0,100
114,2.0,W,Philadelphia 76ers,F/OT,-2.0,L,Orlando Magic,17706.0,114-116,NBA,230.0,ORLPHI3132022,ORLPHI3132022,-555,-12.0,100,2022-03-13T18:00:00,555,12.0,100,223.0,100,223.0,100
115,4.0,W,Sacramento Kings,F/OT,-4.0,L,Orlando Magic,17799.0,110-114,NBA,224.0,ORLSAC3262022,ORLSAC3262022,125,2.5,100,2022-03-26T19:00:00,-125,-2.5,100,224.0,100,224.0,100
116,29.0,W,Brooklyn Nets,Final,-29.0,L,Philadelphia 76ers,17684.0,100-129,NBA,229.0,PHIBKN3102022,PHIBKN3102022,165,4.5,100,2022-03-10T19:30:00,-165,-4.5,100,235.5,100,235.5,100
117,-10.0,L,Dallas Mavericks,Final,10.0,W,Philadelphia 76ers,17737.0,111-101,NBA,212.0,PHIDAL3182022,PHIDAL3182022,135,3.0,100,2022-03-18T19:00:00,-135,-3.0,100,217.5,100,217.5,100
118,4.0,W,Denver Nuggets,Final,-4.0,L,Philadelphia 76ers,17713.0,110-114,NBA,224.0,PHIDEN3142022,PHIDEN3142022,140,3.5,100,2022-03-14T19:30:00,-140,-3.5,100,224.0,100,224.0,100
119,-7.0,L,Miami Heat,Final,7.0,W,Philadelphia 76ers,17764.0,113-106,NBA,219.0,PHIMIA3212022,PHIMIA3212022,-160,-4.5,100,2022-03-21T19:30:00,160,4.5,100,215.0,100,215.0,100
120,2.0,W,Milwaukee Bucks,Final,-2.0,L,Philadelphia 76ers,17822.0,116-118,NBA,234.0,PHIMIL3292022,PHIMIL3292022,100,0.5,100,2022-03-29T19:00:00,-100,-0.5,100,231.0,100,231.0,100
121,5.0,W,Toronto Raptors,Final,-5.0,L,Philadelphia 76ers,17761.0,88-93,NBA,181.0,PHITOR3202022,PHITOR3202022,230,6.5,100,2022-03-20T20:30:00,-230,-6.5,100,219.0,100,219.0,100
122,-27.0,L,Chicago Bulls,Final,27.0,W,Phoenix Suns,17747.0,129-102,NBA,231.0,PHOCHI3182022,PHOCHI3182022,200,5.5,100,2022-03-18T22:00:00,-200,-5.5,100,231.5,100,231.5,100
123,-29.0,L,Los Angeles Lakers,Final,29.0,W,Phoenix Suns,17710.0,140-111,NBA,251.0,PHOLAL3132022,PHOLAL3132022,315,8.5,100,2022-03-13T21:00:00,-315,-8.5,100,230.5,100,230.5,100
124,-10.0,L,Philadelphia 76ers,Final,10.0,W,Phoenix Suns,17808.0,114-104,NBA,218.0,PHOPHI3272022,PHOPHI3272022,155,4.0,100,2022-03-27T18:00:00,-155,-4.0,100,226.0,100,226.0,100
125,5.0,W,Toronto Raptors,Final,-5.0,L,Phoenix Suns,17694.0,112-117,NBA,229.0,PHOTOR3112022,PHOTOR3112022,180,5.0,100,2022-03-11T21:00:00,-180,-5.0,100,222.5,100,222.5,100
126,19.0,W,Houston Rockets,Final,-19.0,L,Portland Trail Blazers,17796.0,106-125,NBA,231.0,PORHOU3252022,PORHOU3252022,-150,-3.5,100,2022-03-25T22:00:00,150,3.5,100,234.0,100,234.0,100
127,17.0,W,Houston Rockets,Final,-17.0,L,Portland Trail Blazers,17805.0,98-115,NBA,213.0,PORHOU3262022,PORHOU3262022,-150,-3.5,100,2022-03-26T22:00:00,150,3.5,100,231.5,100,231.5,100
128,3.0,W,Oklahoma City Thunder,F/OT,-3.0,L,Portland Trail Blazers,17821.0,131-134,NBA,265.0,POROKC3282022,POROKC3282022,-115,-1.5,100,2022-03-28T22:00:00,115,1.5,100,222.0,100,222.0,100
129,37.0,W,San Antonio Spurs,Final,-37.0,L,Portland Trail Blazers,17785.0,96-133,NBA,229.0,PORSA3232022,PORSA3232022,-365,-9.5,100,2022-03-23T22:00:00,365,9.5,100,231.0,100,231.0,100
130,-9.0,L,Washington Wizards,Final,9.0,W,Portland Trail Blazers,17701.0,127-118,NBA,245.0,PORWAS3122022,PORWAS3122022,-225,-6.5,100,2022-03-12T22:00:00,225,6.5,100,221.0,100,221.0,100
131,29.0,W,Boston Celtics,Final,-29.0,L,Sacramento Kings,17748.0,97-126,NBA,223.0,SACBOS3182022,SACBOS3182022,-365,-9.5,100,2022-03-18T22:00:00,365,9.5,100,224.5,100,224.5,100
132,-9.0,L,Chicago Bulls,Final,9.0,W,Sacramento Kings,17717.0,112-103,NBA,215.0,SACCHI3142022,SACCHI3142022,-155,-4.0,100,2022-03-14T22:00:00,155,4.0,100,235.0,100,235.0,100
133,6.0,W,Denver Nuggets,Final,-6.0,L,Sacramento Kings,17681.0,100-106,NBA,206.0,SACDEN392022,SACDEN392022,-220,-6.0,100,2022-03-09T22:00:00,220,6.0,100,238.5,100,238.5,100
134,9.0,W,Milwaukee Bucks,Final,-9.0,L,Sacramento Kings,17734.0,126-135,NBA,261.0,SACMIL3162022,SACMIL3162022,-315,-8.5,100,2022-03-16T22:00:00,315,8.5,100,241.5,100,241.5,100
135,3.0,W,Phoenix Suns,F/OT,-3.0,L,Sacramento Kings,17757.0,124-127,NBA,251.0,SACPHO3202022,SACPHO3202022,-315,-8.5,100,2022-03-20T18:00:00,315,8.5,100,232.5,100,232.5,100
136,11.0,W,Indiana Pacers,Final,-11.0,L,San Antonio Spurs,17698.0,108-119,NBA,227.0,SAIND3122022,SAIND3122022,120,2.0,100,2022-03-12T20:00:00,-120,-2.0,100,238.0,100,238.0,100
137,10.0,W,Minnesota Timberwolves,Final,-10.0,L,San Antonio Spurs,17715.0,139-149,NBA,288.0,SAMIN3142022,SAMIN3142022,-150,-4.0,100,2022-03-14T20:30:00,150,4.0,100,241.0,100,241.0,100
138,33.0,W,New Orleans Pelicans,Final,-33.0,L,San Antonio Spurs,17745.0,91-124,NBA,215.0,SANO3182022,SANO3182022,120,2.0,100,2022-03-18T20:30:00,-120,-2.0,100,237.0,100,237.0,100
139,-2.0,L,Oklahoma City Thunder,Final,2.0,W,San Antonio Spurs,17731.0,122-120,NBA,242.0,SAOKC3162022,SAOKC3162022,735,13.5,100,2022-03-16T20:30:00,-735,-13.5,100,230.5,100,230.5,100
140,15.0,W,Toronto Raptors,Final,-15.0,L,San Antonio Spurs,17680.0,104-119,NBA,223.0,SATOR392022,SATOR392022,-105,-1.0,100,2022-03-09T20:30:00,105,1.0,100,228.5,100,228.5,100
141,-2.0,L,Utah Jazz,Final,2.0,W,San Antonio Spurs,17693.0,104-102,NBA,206.0,SAUTA3112022,SAUTA3112022,-195,-6.0,100,2022-03-11T20:30:00,195,6.0,100,228.5,100,228.5,100
142,-3.0,L,Boston Celtics,F/OT,3.0,W,Toronto Raptors,17818.0,115-112,NBA,227.0,TORBOS3282022,TORBOS3282022,295,8.0,100,2022-03-28T19:30:00,-295,-8.0,100,209.5,100,209.5,100
143,-13.0,L,Cleveland Cavaliers,Final,13.0,W,Toronto Raptors,17786.0,117-104,NBA,221.0,TORCLE3242022,TORCLE3242022,175,5.0,100,2022-03-24T19:30:00,-175,-5.0,100,215.0,100,215.0,100
144,-40.0,L,Indiana Pacers,Final,40.0,W,Toronto Raptors,17800.0,131-91,NBA,222.0,TORIND3262022,TORIND3262022,495,11.5,100,2022-03-26T19:30:00,-495,-11.5,100,224.5,100,224.5,100
145,5.0,W,Los Angeles Lakers,F/OT,-5.0,L,Toronto Raptors,17742.0,123-128,NBA,251.0,TORLAL3182022,TORLAL3182022,320,8.5,100,2022-03-18T19:30:00,-320,-8.5,100,225.0,100,225.0,100
146,-15.0,L,Chicago Bulls,Final,15.0,W,Utah Jazz,17732.0,125-110,NBA,235.0,UTACHI3162022,UTACHI3162022,230,6.5,100,2022-03-16T21:00:00,-230,-6.5,100,223.5,100,223.5,100
147,-29.0,L,Los Angeles Clippers,Final,29.0,W,Utah Jazz,17746.0,121-92,NBA,213.0,UTALAC3182022,UTALAC3182022,195,5.5,100,2022-03-18T21:00:00,-195,-5.5,100,213.5,100,213.5,100
148,6.0,W,Milwaukee Bucks,Final,-6.0,L,Utah Jazz,17719.0,111-117,NBA,228.0,UTAMIL3142022,UTAMIL3142022,110,1.5,100,2022-03-14T22:00:00,-110,-1.5,100,232.5,100,232.5,100
149,-38.0,L,Portland Trail Blazers,Final,38.0,W,Utah Jazz,17682.0,123-85,NBA,208.0,UTAPOR392022,UTAPOR392022,1315,18.5,100,2022-03-09T22:00:00,-1315,-18.5,100,222.0,100,222.0,100
150,-9.0,L,Sacramento Kings,Final,9.0,W,Utah Jazz,17702.0,134-125,NBA,259.0,UTASAC3122022,UTASAC3122022,485,10.5,100,2022-03-12T21:00:00,-485,-10.5,100,228.5,100,228.5,100
151,13.0,W,Chicago Bulls,Final,-13.0,L,Washington Wizards,17823.0,94-107,NBA,201.0,WASCHI3292022,WASCHI3292022,-150,-4.0,100,2022-03-29T19:00:00,150,4.0,100,222.5,100,222.5,100
152,18.0,W,Denver Nuggets,Final,-18.0,L,Washington Wizards,17724.0,109-127,NBA,236.0,WASDEN3162022,WASDEN3162022,-220,-6.5,100,2022-03-16T19:00:00,220,6.5,100,229.5,100,229.5,100
153,-8.0,L,Golden State Warriors,Final,8.0,W,Washington Wizards,17809.0,123-115,NBA,238.0,WASGS3272022,WASGS3272022,-240,-7.0,100,2022-03-27T18:00:00,240,7.0,100,217.0,100,217.0,100
154,-8.0,L,Los Angeles Lakers,Final,8.0,W,Washington Wizards,17752.0,127-119,NBA,246.0,WASLAL3192022,WASLAL3192022,130,3.0,100,2022-03-19T20:00:00,-130,-3.0,100,227.5,100,227.5,100
155,-1.0,L,Brooklyn Nets,Final,1.0,W,Boston Celtics,18018.0,115-114,NBA,229.0,BOSBKN4172022,BOSBKN4172022,155,4.0,100,2022-04-17T15:30:00,-155,-4.0,100,226.5,100,226.5,100
156,6.0,W,Utah Jazz,Final,-6.0,L,Dallas Mavericks,18013.0,93-99,NBA,192.0,DALUTA4162022,DALUTA4162022,-180,-5.0,100,2022-04-16T13:00:00,180,5.0,100,209.5,100,209.5,100
157,-6.0,L,Utah Jazz,Final,6.0,W,Dallas Mavericks,18020.0,110-104,NBA,214.0,DALUTA4182022,DALUTA4182022,-195,-5.5,100,2022-04-18T20:30:00,195,5.5,100,205.0,100,205.0,100
158,-16.0,L,Denver Nuggets,Final,16.0,W,Golden State Warriors,18015.0,123-107,NBA,230.0,GSDEN4162022,GSDEN4162022,230,6.5,100,2022-04-16T20:30:00,-230,-6.5,100,223.0,100,223.0,100
159,-20.0,L,Denver Nuggets,Final,20.0,W,Golden State Warriors,18021.0,126-106,NBA,232.0,GSDEN4182022,GSDEN4182022,240,7.0,100,2022-04-18T22:00:00,-240,-7.0,100,224.5,100,224.5,100
160,13.0,W,Minnesota Timberwolves,Final,-13.0,L,Memphis Grizzlies,18017.0,117-130,NBA,247.0,MEMMIN4162022,MEMMIN4162022,230,6.5,100,2022-04-16T15:30:00,-230,-6.5,100,237.5,100,237.5,100
161,-24.0,L,Atlanta Hawks,Final,24.0,W,Miami Heat,18057.0,115-91,NBA,206.0,MIAATL4172022,MIAATL4172022,240,7.0,100,2022-04-17T13:00:00,-240,-7.0,100,219.5,100,219.5,100
162,-7.0,L,Chicago Bulls,Final,7.0,W,Milwaukee Bucks,18016.0,93-86,NBA,179.0,MILCHI4172022,MILCHI4172022,450,10.5,100,2022-04-17T18:30:00,-450,-10.5,100,230.0,100,230.0,100
163,-20.0,L,Toronto Raptors,Final,20.0,W,Philadelphia 76ers,18014.0,131-111,NBA,242.0,PHITOR4162022,PHITOR4162022,170,4.5,100,2022-04-16T18:00:00,-170,-4.5,100,216.0,100,216.0,100
164,-15.0,L,Toronto Raptors,Final,15.0,W,Philadelphia 76ers,18019.0,112-97,NBA,209.0,PHITOR4182022,PHITOR4182022,245,7.0,100,2022-04-18T19:30:00,-245,-7.0,100,218.0,100,218.0,100
165,-11.0,L,New Orleans Pelicans,Final,11.0,W,Phoenix Suns,18058.0,110-99,NBA,209.0,PHONO4172022,PHONO4172022,445,10.5,100,2022-04-17T21:00:00,-445,-10.5,100,224.0,100,224.0,100
166,-1.0,L,Miami Heat,closed,1.0,W,Atlanta Hawks,18061.0,111-110,nba,221.0,ATLMIA4222022,ATLMIA4222022,-115,-1.5,100,2022-04-22T23:00:00.000Z,115,1.5,100,222.0,100,222.0,100
167,24.0,W,Miami Heat,closed,-24.0,L,Atlanta Hawks,18063.0,86-110,nba,196.0,ATLMIA4242022,ATLMIA4242022,-115,-1.5,100,2022-04-24T23:00:00.000Z,115,1.5,100,220.5,100,220.5,100
168,6.0,W,Boston Celtics,closed,-6.0,L,Brooklyn Nets,18030.0,103-109,nba,212.0,BKNBOS4232022,BKNBOS4232022,160,4.0,100,2022-04-23T23:30:00.000Z,-160,-4.0,100,223.0,100,223.0,100
169,4.0,W,Boston Celtics,closed,-4.0,L,Brooklyn Nets,18036.0,112-116,nba,228.0,BKNBOS4252022,BKNBOS4252022,110,1.5,100,2022-04-25T23:00:00.000Z,-110,-1.5,100,221.5,100,221.5,100
170,-7.0,L,Brooklyn Nets,closed,7.0,W,Boston Celtics,18023.0,114-107,nba,221.0,BOSBKN4202022,BOSBKN4202022,140,3.5,100,2022-04-20T19:00:00,-140,-3.5,100,225.0,100,225.0,100
171,12.0,W,Milwaukee Bucks,closed,-12.0,L,Boston Celtics,18071.0,89-101,nba,190.0,BOSMIL512022,BOSMIL512022,170,5.0,100,2022-05-01T17:00:00.000Z,-170,-5.0,100,218.5,100,218.5,100
172,-23.0,L,Milwaukee Bucks,closed,23.0,W,Boston Celtics,18072.0,109-86,nba,195.0,BOSMIL532022,BOSMIL532022,160,4.0,100,2022-05-03T23:00:00.000Z,-160,-4.0,100,215.5,100,215.5,100
173,30.0,W,Milwaukee Bucks,closed,-30.0,L,Chicago Bulls,18029.0,81-111,nba,192.0,CHIMIL4222022,CHIMIL4222022,-130,-2.5,100,2022-04-23T00:30:00.000Z,130,2.5,100,222.0,100,222.0,100
174,24.0,W,Milwaukee Bucks,closed,-24.0,L,Chicago Bulls,18034.0,95-119,nba,214.0,CHIMIL4242022,CHIMIL4242022,-170,-4.5,100,2022-04-24T17:00:00.000Z,170,4.5,100,219.5,100,219.5,100
175,-25.0,L,Utah Jazz,closed,25.0,W,Dallas Mavericks,18037.0,102-77,nba,179.0,DALUTA4252022,DALUTA4252022,140,3.0,100,2022-04-26T01:30:00.000Z,-140,-3.0,100,212.5,100,212.5,100
176,5.0,W,Golden State Warriors,closed,-5.0,L,Denver Nuggets,18028.0,113-118,nba,231.0,DENGS4212022,DENGS4212022,-125,-2.5,100,2022-04-22T02:00:00.000Z,125,2.5,100,222.5,100,222.5,100
177,-5.0,L,Golden State Warriors,closed,5.0,W,Denver Nuggets,18035.0,126-121,nba,247.0,DENGS4242022,DENGS4242022,-180,-5.0,100,2022-04-24T19:30:00.000Z,180,5.0,100,224.0,100,224.0,100
178,-4.0,L,Denver Nuggets,closed,4.0,W,Golden State Warriors,18042.0,102-98,nba,200.0,GSDEN4272022,GSDEN4272022,335,8.5,100,2022-04-28T02:00:00.000Z,-335,-8.5,100,225.5,100,225.5,100
179,1.0,W,Golden State Warriors,closed,-1.0,L,Memphis Grizzlies,18092.0,116-117,nba,233.0,MEMGS512022,MEMGS512022,-125,-2.5,100,2022-05-01T19:30:00.000Z,125,2.5,100,223.0,100,223.0,100
180,-5.0,L,Golden State Warriors,closed,5.0,W,Memphis Grizzlies,18093.0,106-101,nba,207.0,MEMGS532022,MEMGS532022,-120,-2.0,100,2022-05-04T01:30:00.000Z,120,2.0,100,227.5,100,227.5,100
181,-28.0,L,Minnesota Timberwolves,closed,28.0,W,Memphis Grizzlies,18022.0,124-96,nba,220.0,MEMMIN4192022,MEMMIN4192022,255,7.5,100,2022-04-19T20:30:00,-255,-7.5,100,240.5,100,240.5,100
182,-2.0,L,Minnesota Timberwolves,closed,2.0,W,Memphis Grizzlies,18039.0,111-109,nba,220.0,MEMMIN4262022,MEMMIN4262022,230,6.5,100,2022-04-26T23:30:00.000Z,-230,-6.5,100,231.5,100,231.5,100
183,-10.0,L,Atlanta Hawks,closed,10.0,W,Miami Heat,18059.0,115-105,nba,220.0,MIAATL4192022,MIAATL4192022,290,8.0,100,2022-04-19T19:30:00,-290,-8.0,100,221.5,100,221.5,100
184,-3.0,L,Atlanta Hawks,closed,3.0,W,Miami Heat,18065.0,97-94,nba,191.0,MIAATL4262022,MIAATL4262022,170,4.5,100,2022-04-26T23:00:00.000Z,-170,-4.5,100,215.5,100,215.5,100
185,-14.0,L,Philadelphia 76ers,closed,14.0,W,Miami Heat,18078.0,106-92,nba,198.0,MIAPHI522022,MIAPHI522022,290,7.5,100,2022-05-02T23:30:00.000Z,-290,-7.5,100,208.5,100,208.5,100
186,-16.0,L,Philadelphia 76ers,closed,16.0,W,Miami Heat,18079.0,119-103,nba,222.0,MIAPHI542022,MIAPHI542022,310,8.0,100,2022-05-04T23:30:00.000Z,-310,-8.0,100,208.5,100,208.5,100
187,4.0,W,Chicago Bulls,closed,-4.0,L,Milwaukee Bucks,18025.0,110-114,nba,224.0,MILCHI4202022,MILCHI4202022,415,10.0,100,2022-04-20T21:30:00,-415,-10.0,100,225.0,100,225.0,100
188,-16.0,L,Chicago Bulls,closed,16.0,W,Milwaukee Bucks,18041.0,116-100,nba,216.0,MILCHI4272022,MILCHI4272022,635,12.5,100,2022-04-27T23:30:00.000Z,-635,-12.5,100,217.5,100,217.5,100
189,9.0,W,Memphis Grizzlies,closed,-9.0,L,Minnesota Timberwolves,18026.0,95-104,nba,199.0,MINMEM4212022,MINMEM4212022,-125,-2.5,100,2022-04-21T23:30:00.000Z,125,2.5,100,237.0,100,237.0,100
190,-1.0,L,Memphis Grizzlies,closed,1.0,W,Minnesota Timberwolves,18031.0,119-118,nba,237.0,MINMEM4232022,MINMEM4232022,-130,-2.5,100,2022-04-24T02:00:00.000Z,130,2.5,100,232.0,100,232.0,100
191,8.0,W,Memphis Grizzlies,closed,-8.0,L,Minnesota Timberwolves,18046.0,106-114,nba,220.0,MINMEM4292022,MINMEM4292022,-115,-2.0,100,2022-04-30T01:00:00.000Z,115,2.0,100,229.5,100,229.5,100
192,3.0,W,Phoenix Suns,closed,-3.0,L,New Orleans Pelicans,18062.0,111-114,nba,225.0,NOPHO4222022,NOPHO4222022,-125,-2.5,100,2022-04-23T01:30:00.000Z,125,2.5,100,215.5,100,215.5,100
193,-15.0,L,Phoenix Suns,closed,15.0,W,New Orleans Pelicans,18064.0,118-103,nba,221.0,NOPHO4242022,NOPHO4242022,-125,-2.5,100,2022-04-25T01:30:00.000Z,125,2.5,100,215.5,100,215.5,100
194,6.0,W,Phoenix Suns,closed,-6.0,L,New Orleans Pelicans,18068.0,109-115,nba,224.0,NOPHO4282022,NOPHO4282022,-145,-3.5,100,2022-04-28T23:30:00.000Z,145,3.5,100,216.0,100,216.0,100
195,15.0,W,Toronto Raptors,closed,-15.0,L,Philadelphia 76ers,18038.0,88-103,nba,191.0,PHITOR4252022,PHITOR4252022,320,8.5,100,2022-04-26T00:00:00.000Z,-320,-8.5,100,211.5,100,211.5,100
196,-7.0,L,Dallas Mavericks,closed,7.0,W,Phoenix Suns,18085.0,121-114,nba,235.0,PHODAL522022,PHODAL522022,215,6.0,100,2022-05-03T02:00:00.000Z,-215,-6.0,100,214.0,100,214.0,100
197,-20.0,L,Dallas Mavericks,closed,20.0,W,Phoenix Suns,18086.0,129-109,nba,238.0,PHODAL542022,PHODAL542022,220,6.5,100,2022-05-05T02:00:00.000Z,-220,-6.5,100,217.5,100,217.5,100
198,11.0,W,New Orleans Pelicans,closed,-11.0,L,Phoenix Suns,18060.0,114-125,nba,239.0,PHONO4192022,PHONO4192022,420,9.5,100,2022-04-19T22:00:00,-420,-9.5,100,222.0,100,222.0,100
199,-15.0,L,New Orleans Pelicans,closed,15.0,W,Phoenix Suns,18066.0,112-97,nba,209.0,PHONO4262022,PHONO4262022,215,6.0,100,2022-04-27T02:00:00.000Z,-215,-6.0,100,216.0,100,216.0,100
200,3.0,W,Philadelphia 76ers,closed,-3.0,L,Toronto Raptors,18024.0,101-104,nba,205.0,TORPHI4202022,TORPHI4202022,-120,-2.0,100,2022-04-20T20:00:00,120,2.0,100,216.5,100,216.5,100
201,-8.0,L,Philadelphia 76ers,closed,8.0,W,Toronto Raptors,18032.0,110-102,nba,212.0,TORPHI4232022,TORPHI4232022,-130,-2.5,100,2022-04-23T18:00:00.000Z,130,2.5,100,212.5,100,212.5,100
202,35.0,W,Philadelphia 76ers,closed,-35.0,L,Toronto Raptors,18044.0,97-132,nba,229.0,TORPHI4282022,TORPHI4282022,-105,-1.0,100,2022-04-28T23:00:00.000Z,105,1.0,100,209.5,100,209.5,100
203,8.0,W,Dallas Mavericks,closed,-8.0,L,Utah Jazz,18027.0,118-126,nba,244.0,UTADAL4212022,UTADAL4212022,315,8.5,100,2022-04-22T01:00:00.000Z,-315,-8.5,100,208.0,100,208.0,100
204,-1.0,L,Dallas Mavericks,closed,1.0,W,Utah Jazz,18033.0,100-99,nba,199.0,UTADAL4232022,UTADAL4232022,200,5.5,100,2022-04-23T20:30:00.000Z,-200,-5.5,100,214.0,100,214.0,100
205,2.0,W,Dallas Mavericks,closed,-2.0,L,Utah Jazz,18043.0,96-98,nba,194.0,UTADAL4282022,UTADAL4282022,-105,-1.0,100,2022-04-29T02:00:00.000Z,105,1.0,100,210.5,100,210.5,100
